USE EatHub;

INSERT INTO Ingrediente (nome, preco) VALUES
    ('Carne de Vaca', 4.50), 
    ('Frango', 3.20), 
    ('Peixe', 5.00), 
    ('Queijo', 2.50), 
    ('Alface', 0.80),
    ('Tomate', 1.00), 
    ('Farinha', 0.50), 
    ('Ovo', 0.30), 
    ('Cebola', 0.60), 
    ('Batata', 0.70),
    ('Cogumelos', 2.00), 
    ('Molho César', 1.50), 
    ('Azeite', 0.40), 
    ('Sal', 0.10), 
    ('Pimenta', 0.15),
    ('Milho', 0.90), 
    ('Fiambre', 2.80), 
    ('Ananás', 1.20), 
    ('Espinafres', 1.10), 
    ('Atum', 3.50);

INSERT INTO Alergenio (alergenio) VALUES
    ('Glúten'), 
    ('Lactose'), 
    ('Ovo'), 
    ('Peixe');

INSERT INTO AlergenioIngrediente (alergenio_FK, nomeIngrediente_FK) VALUES
    ('Glúten', 'Farinha'),
    ('Lactose', 'Queijo'),
    ('Ovo', 'Ovo'),
    ('Peixe', 'Peixe'),
    ('Peixe', 'Atum');

INSERT INTO Proposta (idProposta, nome, preco) VALUES
    ('PROP1', 'Hambúrguer Clássico', 8.50),
    ('PROP2', 'Hambúrguer de Frango', 8.00),
    ('PROP3', 'Salada César', 7.00),
    ('PROP4', 'Pizza Margherita', 9.00),
    ('PROP5', 'Pizza Tropical', 9.50),
    ('PROP6', 'Pizza Atum', 9.80),
    ('PROP7', 'Peixe Grelhado', 10.50),
    ('PROP8', 'Batatas Fritas', 3.50),
    ('PROP9', 'Hambúrguer Vegetariano', 8.20),
    ('PROP10', 'Salada de Atum', 7.80);

INSERT INTO IngredienteProposta (nomeIngrediente_FK, idProposta_FK) VALUES
        ('Carne de Vaca', 'PROP1'), 
        ('Queijo', 'PROP1'), 
        ('Alface', 'PROP1'),
        ('Frango', 'PROP2'), 
        ('Alface', 'PROP2'),
        ('Ovo', 'PROP3'), 
        ('Molho César', 'PROP3'),
        ('Farinha', 'PROP4'), 
        ('Queijo', 'PROP4'), 
        ('Tomate', 'PROP4'),
        ('Fiambre', 'PROP5'), 
        ('Ananás', 'PROP5'),
        ('Atum', 'PROP6'), 
        ('Milho', 'PROP6'),
        ('Peixe', 'PROP7'),
        ('Batata', 'PROP8'),
        ('Cogumelos', 'PROP9'), 
        ('Espinafres', 'PROP9'),
        ('Atum', 'PROP10'), 
        ('Alface', 'PROP10');

INSERT INTO EtapasProposta (etapa, idProposta_FK, ordem) VALUES
        ('Preparar ingredientes', 'PROP1', 1),
        ('Grelhar carne', 'PROP1', 2),
        ('Montar hambúrguer', 'PROP1', 3),

        ('Preparar frango', 'PROP2', 1),
        ('Grelhar frango', 'PROP2', 2),
        ('Montar hambúrguer', 'PROP2', 3),

        ('Lavar ingredientes', 'PROP3', 1),
        ('Preparar molho', 'PROP3', 2),
        ('Empratar salada', 'PROP3', 3),

        ('Preparar massa', 'PROP4', 1),
        ('Adicionar ingredientes', 'PROP4', 2),
        ('Levar ao forno', 'PROP4', 3),

        ('Preparar ingredientes', 'PROP5', 1),
        ('Adicionar ingredientes', 'PROP5', 2),
        ('Levar ao forno', 'PROP5', 3),

        ('Preparar ingredientes', 'PROP6', 1),
        ('Adicionar ingredientes', 'PROP6', 2),
        ('Levar ao forno', 'PROP6', 3),

        ('Temperar peixe', 'PROP7', 1),
        ('Grelhar peixe', 'PROP7', 2),

        ('Descascar batatas', 'PROP8', 1),
        ('Fritar batatas', 'PROP8', 2),

        ('Preparar vegetais', 'PROP9', 1),
        ('Grelhar vegetais', 'PROP9', 2),
        ('Montar hambúrguer', 'PROP9', 3),

        ('Lavar ingredientes', 'PROP10', 1),
        ('Preparar atum', 'PROP10', 2),
        ('Empratar salada', 'PROP10', 3);

INSERT INTO Menu (idM, precoTotal, nome) VALUES
        ('M1', 11.00, 'Menu Básico'),
        ('M2', 13.50, 'Menu Almoço'),
        ('M3', 16.00, 'Menu Familiar'),
        ('M4', 18.50, 'Menu Premium'),
        ('M5', 20.00, 'Menu Especial');

INSERT INTO PropostaMenu (idProposta_FK, idM_FK) VALUES
        ('PROP1', 'M1'), 
        ('PROP8', 'M1'),
        ('PROP2', 'M2'), 
        ('PROP3', 'M2'),
        ('PROP4', 'M3'), 
        ('PROP9', 'M3'),
        ('PROP5', 'M4'), 
        ('PROP6', 'M4'),
        ('PROP7', 'M5'), 
        ('PROP10', 'M5');

INSERT INTO Funcionario (idFuncionario, nome, posto, tarefa, idRestaurante_FK, tipo) VALUES
        ('F1', 'Carlos Mendes', 'Chefe de Cozinha', 'Coordenação geral', NULL, 'ChefeRestaurante'),
        ('F2', 'Sofia Rocha', 'Chefe de Cozinha', 'Gestão operacional', NULL, 'ChefeRestaurante'),
        ('F3', 'Luís Pinto', 'Chefe de Cozinha', 'Supervisão cozinha', NULL, 'ChefeRestaurante'),
        ('F4', 'Ana Ribeiro', 'Chefe de Cozinha', 'Gestão de equipa', NULL, 'ChefeRestaurante'),
        ('F5', 'Ricardo Fonseca', 'Chefe de Cozinha', 'Planeamento diário', NULL, 'ChefeRestaurante'),
        ('F19', 'Paula Gomes', 'Gestor', 'Gestão da Cadeia', NULL, 'Gestor');

INSERT INTO Restaurante (idRestaurante, nome, idFuncionario_FK) VALUES
        ('R1', 'EatHub Centro', 'F1'),
        ('R2', 'EatHub Norte', 'F2'),
        ('R3', 'EatHub Sul', 'F3'),
        ('R4', 'EatHub Oeste', 'F4'),
        ('R5', 'EatHub Este', 'F5');

UPDATE Funcionario SET idRestaurante_FK = 'R1' WHERE idFuncionario = 'F1';
UPDATE Funcionario SET idRestaurante_FK = 'R2' WHERE idFuncionario = 'F2';
UPDATE Funcionario SET idRestaurante_FK = 'R3' WHERE idFuncionario = 'F3';
UPDATE Funcionario SET idRestaurante_FK = 'R4' WHERE idFuncionario = 'F4';
UPDATE Funcionario SET idRestaurante_FK = 'R5' WHERE idFuncionario = 'F5';

INSERT INTO Funcionario
        (idFuncionario, nome, posto, tarefa, idRestaurante_FK, tipo) VALUES
        ('F6', 'João Silva', 'Cozinheiro', 'Preparar ingredientes', 'R1', 'Funcionario'),
        ('F7', 'Ana Martins', 'Cozinheira', 'Grelhar carne', 'R1', 'Funcionario'),
        ('F8', 'Rui Costa', 'Cozinheiro', 'Montar hambúrguer', 'R1', 'Funcionario'),

        ('F9', 'Pedro Alves', 'Cozinheiro', 'Preparar frango', 'R2', 'Funcionario'),
        ('F10', 'Mariana Lopes', 'Cozinheira', 'Grelhar frango', 'R2', 'Funcionario'),
        ('F11', 'Inês Pires', 'Cozinheira', 'Empratar salada', 'R2', 'Funcionario'),

        ('F12', 'Miguel Rocha', 'Cozinheiro', 'Preparar massa', 'R3', 'Funcionario'),
        ('F13', 'Tiago Santos', 'Cozinheiro', 'Levar ao forno', 'R3', 'Funcionario'),
        ('F14', 'Inês Duarte', 'Cozinheira', 'Fritar batatas', 'R3', 'Funcionario'),

        ('F15', 'Bruno Matos', 'Cozinheiro', 'Temperar peixe', 'R4', 'Funcionario'),
        ('F16', 'Carla Nunes', 'Cozinheira', 'Grelhar peixe', 'R4', 'Funcionario'),

        ('F17', 'André Lima', 'Cozinheiro', 'Preparar atum', 'R5', 'Funcionario'),
        ('F18', 'Sara Teixeira', 'Cozinheira', 'Empratar salada', 'R5', 'Funcionario'),

        ('F20', 'Helena Barros', 'Assistente de Gestão', 'Apoio administrativo', 'R1', 'Funcionario'),
        ('F21', 'Vítor Fernandes', 'Cozinheiro', 'Preparar ingredientes', 'R2', 'Funcionario'),
        ('F22', 'Cátia Moreira', 'Cozinheiro', 'Preparar ingredientes', 'R3', 'Funcionario'),
        ('F23', 'Daniela Silva', 'Cozinheiro', 'Preparar ingredientes', 'R4', 'Funcionario'),
        ('F24', 'Joana Carvalho', 'Cozinheiro', 'Preparar ingredientes', 'R5', 'Funcionario'),

        ('F25', 'Paulo Mendes', 'Cozinheiro', 'Apoio na cozinha', 'R1', 'Funcionario'),
        ('F26', 'Rita Sousa', 'Cozinheira', 'Grelhar carne', 'R2', 'Funcionario'),
        ('F27', 'Sérgio Gomes', 'Cozinheira', 'Grelhar carne', 'R3', 'Funcionario'),
        ('F28', 'Marta Ribeiro', 'Cozinheira', 'Grelhar carne', 'R4', 'Funcionario'),
        ('F29', 'Tiago Almeida', 'Cozinheira', 'Grelhar carne', 'R5', 'Funcionario'),

        ('F30', 'Fábio Silva', 'Cozinheiro', 'Montar hambúrguer', 'R1', 'Funcionario'),
        ('F31', 'Cláudia Fernandes', 'Cozinheira', 'Montar hambúrguer', 'R2', 'Funcionario'),
        ('F32', 'Sónia Lopes', 'Cozinheira', 'Montar hambúrguer', 'R3', 'Funcionario'),
        ('F33', 'Gonçalo Pinto', 'Cozinheiro', 'Montar hambúrguer', 'R4', 'Funcionario'),
        ('F34', 'Liliana Costa', 'Cozinheira', 'Montar hambúrguer', 'R5', 'Funcionario'),

        ('F35', 'Alexandre Nunes', 'Cozinheiro', 'Preparar frango', 'R1', 'Funcionario'),
        ('F36', 'Beatriz Marques', 'Cozinheira', 'Grelhar frango', 'R3', 'Funcionario'),
        ('F37', 'César Rodrigues', 'Cozinheiro', 'Grelhar frango', 'R4', 'Funcionario'),
        ('F38', 'Diana Silva', 'Cozinheira', 'Grelhar frango', 'R5', 'Funcionario'),

        ('F39', 'Eduardo Teixeira', 'Cozinheiro', 'Empratar salada', 'R1', 'Funcionario'),
        ('F40', 'Fabiana Gomes', 'Cozinheira', 'Empratar salada', 'R2', 'Funcionario'),
        ('F41', 'Guilherme Santos', 'Cozinheiro', 'Empratar salada', 'R3', 'Funcionario'),

        ('F42', 'Hélder Carvalho', 'Cozinheiro', 'Empratar salada', 'R4', 'Funcionario'),
        ('F43', 'Isabel Almeida', 'Cozinheira', 'Empratar salada', 'R5', 'Funcionario'),

        ('F44', 'Jorge Ferreira', 'Cozinheiro', 'Fritar batatas', 'R2', 'Funcionario'),
        ('F45', 'Kátia Silva', 'Cozinheira', 'Fritar batatas', 'R4', 'Funcionario'),
        ('F46', 'Leonardo Mendes', 'Cozinheiro', 'Fritar batatas', 'R5', 'Funcionario'),
        
        ('F47', 'Marina Rodrigues', 'Cozinheira', 'Temperar peixe', 'R1', 'Funcionario'),
        ('F48', 'Nuno Lopes', 'Cozinheiro', 'Grelhar peixe', 'R2', 'Funcionario'),

        ('F49', 'Olga Santos', 'Cozinheira', 'Preparar atum', 'R3', 'Funcionario'),
        ('F50', 'Paulo Ferreira', 'Cozinheiro', 'Empratar salada', 'R4', 'Funcionario'),

        ('F51', 'Luana Costa', 'Cozinheiro', 'Preparar massa', 'R2', 'Funcionario'),
        ('F52', 'Bruno Silva', 'Cozinheiro', 'Preparar massa', 'R3', 'Funcionario'),
        ('F53', 'Carla Fernandes', 'Cozinheiro', 'Preparar massa', 'R4', 'Funcionario'),
        ('F54', 'Diogo Marques', 'Cozinheiro', 'Preparar massa', 'R5', 'Funcionario'),

        ('F55', 'Eva Ribeiro', 'Cozinheira', 'Levar ao forno', 'R2', 'Funcionario'),
        ('F56', 'Fábio Gomes', 'Cozinheiro', 'Levar ao forno', 'R4', 'Funcionario'),
        ('F57', 'Graça Silva', 'Cozinheira', 'Levar ao forno', 'R5', 'Funcionario'),

        ('F58', 'Hugo Almeida', 'Cozinheiro', 'Temperar peixe', 'R3', 'Funcionario'),
        ('F59', 'Inês Marques', 'Cozinheira', 'Grelhar peixe', 'R5', 'Funcionario'),

        ('F60', 'João Ferreira', 'Cozinheiro', 'Preparar atum', 'R1', 'Funcionario'),
        ('F61', 'Karla Santos', 'Cozinheira', 'Empratar salada', 'R3', 'Funcionario'),

        ('F62', 'Luis Oliveira', 'Cozinheiro', 'Apoio na cozinha', 'R2', 'Funcionario'),
        ('F63', 'Marta Lima', 'Cozinheira', 'Apoio na cozinha', 'R3', 'Funcionario'),
        ('F64', 'Nadia Costa', 'Cozinheira', 'Apoio na cozinha', 'R4', 'Funcionario'),
        ('F65', 'Otávio Sousa', 'Cozinheiro', 'Apoio na cozinha', 'R5', 'Funcionario'),

        ('F66', 'Patrícia Fernandes', 'Cozinheiro', 'Adicionar ingredientes', 'R2', 'Funcionario'),
        ('F67', 'Rafael Gomes', 'Cozinheiro', 'Adicionar ingredientes', 'R3', 'Funcionario'),
        ('F68', 'Sílvia Ribeiro', 'Cozinheiro', 'Adicionar ingredientes', 'R4', 'Funcionario'),
        ('F69', 'Tiago Carvalho', 'Cozinheiro', 'Adicionar ingredientes', 'R5', 'Funcionario'),
        ('F70', 'Vanessa Martins', 'Cozinheira', 'Adicionar ingredientes', 'R1', 'Funcionario'),
        ('F71', 'Wagner Silva', 'Cozinheiro', 'Levar ao forno', 'R3', 'Funcionario'),
        ('F72', 'Yara Santos', 'Cozinheira', 'Levar ao forno', 'R2', 'Funcionario'),
        ('F73', 'Zé Pedro', 'Cozinheiro', 'Levar ao forno', 'R4', 'Funcionario'),
        ('F74', 'Álvaro Mendes', 'Cozinheiro', 'Fritar batatas', 'R1', 'Funcionario'),
        ('F75', 'Bárbara Lopes', 'Cozinheira', 'Fritar batatas', 'R2', 'Funcionario'),
        ('F76', 'Célia Nunes', 'Cozinheira', 'Fritar batatas', 'R3', 'Funcionario'),
        ('F77', 'Duarte Ferreira', 'Cozinheiro', 'Fritar batatas', 'R4', 'Funcionario'),
        ('F78', 'Elisa Marques', 'Cozinheira', 'Fritar batatas', 'R5', 'Funcionario'),
        ('F79', 'Filipe Silva', 'Cozinheiro', 'Grelhar peixe', 'R1', 'Funcionario'),
        ('F80', 'Gabriela Costa', 'Cozinheira', 'Grelhar peixe', 'R3', 'Funcionario'),
        ('F81', 'Helena Rodrigues', 'Cozinheira', 'Grelhar peixe', 'R4', 'Funcionario'),
        ('F82', 'Igor Almeida', 'Cozinheiro', 'Grelhar peixe', 'R5', 'Funcionario'),
        ('F83', 'Jéssica Santos', 'Cozinheira', 'Empratar salada', 'R1', 'Funcionario'),
        ('F84', 'Kevin Ferreira', 'Cozinheiro', 'Empratar salada', 'R2', 'Funcionario'),
        ('F85', 'Lara Gomes', 'Cozinheira', 'Empratar salada', 'R4', 'Funcionario'),
        ('F86', 'Marco Silva', 'Cozinheiro', 'Empratar salada', 'R5', 'Funcionario'),
        ('F87', 'Natália Ribeiro', 'Cozinheira', 'Preparar massa', 'R1', 'Funcionario'),
        ('F88', 'Otto Carvalho', 'Cozinheiro', 'Preparar massa', 'R2', 'Funcionario'),

        ('F89', 'Patrícia Mendes', 'Cozinheira', 'Preparar massa', 'R4', 'Funcionario'),
        ('F90', 'Quintino Santos', 'Cozinheiro', 'Preparar massa', 'R5', 'Funcionario'),
        ('F91', 'Rosa Almeida', 'Cozinheira', 'Levar ao forno', 'R1', 'Funcionario'),
        ('F92', 'Samuel Ferreira', 'Cozinheiro', 'Levar ao forno', 'R3', 'Funcionario'),
        ('F93', 'Tânia Gomes', 'Cozinheira', 'Levar ao forno', 'R5', 'Funcionario'),
        ('F94', 'Ulisses Silva', 'Cozinheiro', 'Temperar peixe', 'R2', 'Funcionario'),
        ('F95', 'Vera Costa', 'Cozinheira', 'Temperar peixe', 'R3', 'Funcionario'),
        ('F96', 'Wilson Rodrigues', 'Cozinheiro', 'Grelhar peixe', 'R1', 'Funcionario'),
        ('F97', 'Xénia Santos', 'Cozinheira', 'Grelhar peixe', 'R2', 'Funcionario'),
        ('F98', 'Yuri Almeida', 'Cozinheiro', 'Preparar atum', 'R4', 'Funcionario'),
        ('F99', 'Zara Ferreira', 'Cozinheira', 'Empratar salada', 'R5', 'Funcionario'),
        ('F100', 'André Silva', 'Cozinheiro', 'Levar ao forno', 'R4', 'Funcionario'),
        ('F101', 'Beatriz Mendes', 'Cozinheira', 'Levar ao forno', 'R2', 'Funcionario'),

        ('F102', 'Carlos Costa', 'Cozinheiro', 'Fritar batatas', 'R3', 'Funcionario'),
        ('F103', 'Daniela Santos', 'Cozinheira', 'Fritar batatas', 'R5', 'Funcionario'),
        ('F104', 'Eduarda Almeida', 'Cozinheira', 'Grelhar peixe', 'R4', 'Funcionario'),
        ('F105', 'Filipe Ferreira', 'Cozinheiro', 'Grelhar peixe', 'R1', 'Funcionario'),
        ('F106', 'Graça Silva', 'Cozinheira', 'Descascar batatas', 'R2', 'Funcionario'),
        ('F107', 'Hugo Marques', 'Cozinheiro', 'Descascar batatas', 'R3', 'Funcionario'),
        ('F108', 'Isabel Ribeiro', 'Cozinheira', 'Descascar batatas', 'R4', 'Funcionario'),
        ('F109', 'João Carvalho', 'Cozinheiro', 'Descascar batatas', 'R5', 'Funcionario'),
        ('F110', 'Kátia Gomes', 'Cozinheira', 'Descascar batatas', 'R1', 'Funcionario'),
        ('F111', 'Leonardo Silva', 'Cozinheiro', 'Temperar peixe', 'R2', 'Funcionario'),
        ('F112', 'Mariana Costa', 'Cozinheira', 'Temperar peixe', 'R3', 'Funcionario'),
        ('F113', 'Nuno Ferreira', 'Cozinheiro', 'Temperar peixe', 'R5', 'Funcionario'),
        ('F114', 'Olga Mendes', 'Cozinheira', 'Temperar peixe', 'R1', 'Funcionario'),
        ('F115', 'Paulo Santos', 'Cozinheiro', 'Temperar peixe', 'R4', 'Funcionario'),
        ('F116', 'Quintino Almeida', 'Cozinheiro', 'Preparar atum', 'R2', 'Funcionario'),
        ('F117', 'Rita Ferreira', 'Cozinheira', 'Preparar atum', 'R3', 'Funcionario'),
        ('F118', 'Sérgio Costa', 'Cozinheiro', 'Preparar atum', 'R5', 'Funcionario'),
        ('F119', 'Tatiana Silva', 'Cozinheira', 'Preparar atum', 'R1', 'Funcionario'),
        ('F120', 'Ulisses Gomes', 'Cozinheiro', 'Empratar salada', 'R2', 'Funcionario'),
        ('F121', 'Vanessa Ribeiro', 'Cozinheira', 'Grelhar vegetais', 'R4', 'Funcionario'),
        ('F122', 'Wagner Santos', 'Cozinheiro', 'Grelhar vegetais', 'R5', 'Funcionario'),
        ('F123', 'Xénia Silva', 'Cozinheira', 'Grelhar vegetais', 'R3', 'Funcionario'),
        ('F124', 'Yuri Costa', 'Cozinheiro', 'Grelhar vegetais', 'R2', 'Funcionario'),
        ('F125', 'Zara Almeida', 'Cozinheira', 'Grelhar vegetais', 'R1', 'Funcionario'),
        ('F126', 'Ana Mendes', 'Cozinheira', 'Preparar vegetais', 'R3', 'Funcionario'),
        ('F127', 'Bruno Silva', 'Cozinheiro', 'Preparar vegetais', 'R4', 'Funcionario'),
        ('F128', 'Carla Santos', 'Cozinheira', 'Preparar vegetais', 'R5', 'Funcionario'),
        ('F129', 'Diogo Ferreira', 'Cozinheiro', 'Preparar vegetais', 'R1', 'Funcionario'),
        ('F130', 'Eva Gomes', 'Cozinheira', 'Preparar vegetais', 'R2', 'Funcionario'),

        ('F131', 'Luís Oliveira', 'Cozinheiro', 'Lavar ingredientes', 'R3', 'Funcionario'),
        ('F132', 'Marta Lima', 'Cozinheira', 'Lavar ingredientes', 'R4', 'Funcionario'),
        ('F133', 'Nadia Costa', 'Cozinheira', 'Lavar ingredientes', 'R5', 'Funcionario'),
        ('F134', 'Otávio Sousa', 'Cozinheiro', 'Lavar ingredientes', 'R1', 'Funcionario'),
        ('F135', 'Patrícia Fernandes', 'Cozinheiro', 'Lavar ingredientes', 'R2', 'Funcionario'),

        ('F136', 'Rafael Gomes', 'Cozinheiro', 'Preparar molho', 'R3', 'Funcionario'),
        ('F137', 'Sílvia Ribeiro', 'Cozinheiro', 'Preparar molho', 'R4', 'Funcionario'),
        ('F138', 'Tiago Carvalho', 'Cozinheiro', 'Preparar molho', 'R5', 'Funcionario'),
        ('F139', 'Vanessa Martins', 'Cozinheira', 'Preparar molho', 'R1', 'Funcionario'),

        ('F140', 'Wagner Silva', 'Cozinheiro', 'Grelhar frango', 'R2', 'Funcionario'),
        ('F141', 'Yara Santos', 'Cozinheira', 'Grelhar frango', 'R3', 'Funcionario'),
        ('F142', 'Zé Pedro', 'Cozinheiro', 'Grelhar frango', 'R4', 'Funcionario'),
        ('F143', 'Álvaro Mendes', 'Cozinheiro', 'Grelhar frango', 'R5', 'Funcionario'),
        ('F144', 'Bárbara Lopes', 'Cozinheira', 'Grelhar frango', 'R1', 'Funcionario'),

        ('F145', 'Célia Nunes', 'Cozinheira', 'Preparar molho', 'R2', 'Funcionario'),
        ('F146', 'Duarte Ferreira', 'Cozinheiro', 'Preparar molho', 'R3', 'Funcionario'),
        ('F147', 'Elisa Marques', 'Cozinheira', 'Preparar molho', 'R4', 'Funcionario'),
        ('F148', 'Filipe Silva', 'Cozinheiro', 'Preparar molho', 'R5', 'Funcionario'),
        ('F149', 'Gabriela Costa', 'Cozinheira', 'Preparar molho', 'R1', 'Funcionario'),

        ('F150', 'Henrique Silva', 'Cozinheiro', 'Grelhar carne', 'R1', 'Funcionario'),
        ('F152', 'Joana Lima', 'Cozinheira', 'Grelhar carne', 'R3', 'Funcionario'),
        ('F153', 'Kévin Sousa', 'Cozinheiro', 'Grelhar carne', 'R4', 'Funcionario'),
        ('F154', 'Larissa Fernandes', 'Cozinheira', 'Grelhar carne', 'R5', 'Funcionario'),
        ('F151', 'Inês Costa', 'Cozinheira', 'Preparar frango', 'R5', 'Funcionario'),
        ('F155', 'Marcos Almeida', 'Cozinheiro', 'Preparar frango', 'R1', 'Funcionario'),
        ('F156', 'Natália Gomes', 'Cozinheira', 'Preparar frango', 'R3', 'Funcionario'),
        ('F157', 'Olavo Ribeiro', 'Cozinheiro', 'Preparar frango', 'R4', 'Funcionario'),
        ('F158', 'Patrícia Santos', 'Cozinheira', 'Preparar frango', 'R2', 'Funcionario');

INSERT INTO Stock (nomeIngrediente_FK, idRestaurante_FK, quantidade) VALUES
        ('Carne de Vaca', 'R1', 120), 
        ('Queijo', 'R1', 90), 
        ('Batata', 'R1', 200),
        ('Frango', 'R2', 100), 
        ('Alface', 'R2', 80), 
        ('Ovo', 'R2', 70),
        ('Farinha', 'R3', 150), 
        ('Tomate', 'R3', 90), 
        ('Peixe', 'R3', 60),
        ('Cogumelos', 'R4', 75), 
        ('Atum', 'R4', 55),
        ('Espinafres', 'R5', 65), 
        ('Milho', 'R5', 85),
        ('Ananás', 'R5', 45),
        ('Fiambre', 'R5', 95),
        ('Molho César', 'R2', 50),
        ('Cebola', 'R1', 110),
        ('Azeite', 'R3', 130),
        ('Sal', 'R4', 140),
        ('Pimenta', 'R5', 120),
        ('Batata', 'R2', 180),
        ('Batata', 'R3', 160),
        ('Batata', 'R4', 150),
        ('Batata', 'R5', 170),
        ('Alface', 'R1', 100),
        ('Alface', 'R3', 90),
        ('Alface', 'R4', 85),
        ('Alface', 'R5', 95),
        ('Tomate', 'R1', 80),
        ('Tomate', 'R2', 70),
        ('Tomate', 'R4', 75),
        ('Tomate', 'R5', 65);

INSERT INTO Password (idFuncionario_FK, codigo) VALUES
    ('F1', 'F1'),
    ('F2', 'F2'),
    ('F3', 'F3'),
    ('F4', 'F4'),
    ('F5', 'F5'),
    ('F6', 'F6'),
    ('F7', 'F7'),
    ('F8', 'F8'),
    ('F9', 'F9'),
    ('F10', 'F10'),
    ('F11', 'F11'),
    ('F12', 'F12'),
    ('F13', 'F13'),
    ('F14', 'F14'),
    ('F15', 'F15'),
    ('F16', 'F16'),
    ('F17', 'F17'),
    ('F18', 'F18'),
    ('F19', 'F19'),
    ('F20', 'F20'),
    ('F21', 'F21'),
    ('F22', 'F22'),
    ('F23', 'F23'),
    ('F24', 'F24'),
    ('F25', 'F25'),
    ('F26', 'F26'),
    ('F27', 'F27'),
    ('F28', 'F28'),
    ('F29', 'F29'),
    ('F30', 'F30'),
    ('F31', 'F31'),
    ('F32', 'F32'),
    ('F33', 'F33'),
    ('F34', 'F34'),
    ('F35', 'F35'),
    ('F36', 'F36'),
    ('F37', 'F37'),
    ('F38', 'F38'),
    ('F39', 'F39'),
    ('F40', 'F40'),
    ('F41', 'F41'),
    ('F42', 'F42'),
    ('F43', 'F43'),
    ('F44', 'F44'),
    ('F45', 'F45'),
    ('F46', 'F46'),
    ('F47', 'F47'),
    ('F48', 'F48'),
    ('F49', 'F49'),
    ('F50', 'F50'),
    ('F51', 'F51'),
    ('F52', 'F52'),
    ('F53', 'F53'),
    ('F54', 'F54'),
    ('F55', 'F55'),
    ('F56', 'F56'),
    ('F57', 'F57'),
    ('F58', 'F58'),
    ('F59', 'F59'),
    ('F60', 'F60'),
    ('F61', 'F61'),
    ('F62', 'F62'),
    ('F63', 'F63'),
    ('F64', 'F64'),
    ('F65', 'F65'),
    ('F66', 'F66'),
    ('F67', 'F67'),
    ('F68', 'F68'),
    ('F69', 'F69'),
    ('F70', 'F70'),
    ('F71', 'F71'),
    ('F72', 'F72'),
    ('F73', 'F73'),
    ('F74', 'F74'),
    ('F75', 'F75'),
    ('F76', 'F76'),
    ('F77', 'F77'),
    ('F78', 'F78'),
    ('F79', 'F79'),
    ('F80', 'F80'),
    ('F81', 'F81'),
    ('F82', 'F82'),
    ('F83', 'F83'),
    ('F84', 'F84'),
    ('F85', 'F85'),
    ('F86', 'F86'),
    ('F87', 'F87'),
    ('F88', 'F88'),
    ('F89', 'F89'),
    ('F90', 'F90'),
    ('F91', 'F91'),
    ('F92', 'F92'),
    ('F93', 'F93'),
    ('F94', 'F94'),
    ('F95', 'F95'),
    ('F96', 'F96'),
    ('F97', 'F97'),
    ('F98', 'F98'),
    ('F99', 'F99'),
    ('F100', 'F100'),
    ('F101', 'F101'),
    ('F102', 'F102'),
    ('F103', 'F103'),
    ('F104', 'F104'),
    ('F105', 'F105'),
    ('F106', 'F106'),
    ('F107', 'F107'),
    ('F108', 'F108'),
    ('F109', 'F109'),
    ('F110', 'F110'),
    ('F111', 'F111'),
    ('F112', 'F112'),
    ('F113', 'F113'),
    ('F114', 'F114'),
    ('F115', 'F115'),
    ('F116', 'F116'),
    ('F117', 'F117'),
    ('F118', 'F118'),
    ('F119', 'F119'),
    ('F120', 'F120'),
    ('F121', 'F121'),
    ('F122', 'F122'),
    ('F123', 'F123'),
    ('F124', 'F124'),
    ('F125', 'F125'),
    ('F126', 'F126'),
    ('F127', 'F127'),
    ('F128', 'F128'),
    ('F129', 'F129'),
    ('F130', 'F130'),
    ('F131', 'F131'),
    ('F132', 'F132'),
    ('F133', 'F133'),
    ('F134', 'F134'),
    ('F135', 'F135'),
    ('F136', 'F136'),
    ('F137', 'F137'),
    ('F138', 'F138'),
    ('F139', 'F139'),
    ('F140', 'F140'),
    ('F141', 'F141'),
    ('F142', 'F142'),
    ('F143', 'F143'),
    ('F144', 'F144'),
    ('F145', 'F145'),
    ('F146', 'F146'),
    ('F147', 'F147'),
    ('F148', 'F148'),
    ('F149', 'F149'),
    ('F150', 'F150'),
    ('F151', 'F151'),
    ('F152', 'F152'),
    ('F153', 'F153'),
    ('F154', 'F154'),
    ('F155', 'F155'),
    ('F156', 'F156'),
    ('F157', 'F157'),
    ('F158', 'F158');